record_id;oblast;road_code;road_name;category;category_variant;from;to;geometry_status;osm_geometry_status;osm_match_confidence;osm_match_method;osm_admin_constraint;osm_admin_level_used;geometry_type;geometry_length_km;osm_relation_id;osm_way_ids;unresolved_reason
EDESSB-0003;Закарпатська;О070704;Червеньово – Великі Лучки – Гать;IV;;14+633;23+337;osm_filled;filled;medium-high;"OSM route Червеньово→Великі Лучки→Гать, strongly preferring ref О-070704; source chainage scaled";Закарпатська область;oblast;LineString;8.344;;;"OSM relation О-070704 is discontinuous and source pike 23+337 exceeds OSM relation distance 21.704 km; geometry not forced."
EDESSB-0023;Чернівецька;О26080;Заліщики – Звинячин – Городенка з під'їздом до ст. Стефанешти;IV;;5+300;12+981;osm_filled;filled;medium-high;"exact OSM ref О26080 main route; eastern/Zalishchyky side as km 0; chainage scaled";Чернівецька область;oblast;LineString;7.625;;"160932146;327517010;749768871";"О26080 is mapped as a branched set of OSM ways without a route relation; chainage-to-branch mapping is ambiguous."
EDESSB-0024;Чернівецька;О26080;Заліщики – Звинячин – Городенка з під'їздом до ст. Стефанешти;V;;12+981;13+300;osm_filled;filled;high;"exact OSM ref О26080 access branch from main-route junction to Stefanishte station; first 319 m";Чернівецька область;oblast;LineString;0.319;;"160932146;327517010;749768871";"О26080 is mapped as a branched set of OSM ways without a route relation; chainage-to-branch mapping is ambiguous."
WEB-0011;Херсонська;М-14;Одеса – Мелітополь – Новоазовськ;I;I-б;164+000;165+100;osm_filled;filled;high;"OSM М-14 anchored at official 2017 km 177+531; uses source alternative chainage 176+631–177+731";Херсонська область;oblast;LineString;1.1;975415;;
WEB-0020;Рівненська;;Північна об’їзна дорога м. Рівне;II;;;;osm_filled;filled;high;exact OSM name 'Північний обхід м. Рівне';Рівненська область;oblast;MultiLineString;14.562;;"123911401;123911405;123911422;123911427;123911440;124030883;124030884;137299478;137299480;137299484;137299488;137379749;137379752;137379754;137386875;137386884;170066772;170066773;170067285;420822357;420822358;640277892;640277893;640277894;797390883;821637951;821637952;957066382;1178271704;1178271705";
WEB-0021;Волинська;;Під’їзд до МАПП «Устилуг – Зосин»;II;;0+420;3+600;osm_filled;filled;medium-high;"OSM relation Н-22; western border/Ustyluh end as km 0; source interval 0+420–3+600";Волинська область;oblast;LineString;3.18;1474894;;
WEB-0022;Дніпропетровська;Н-31;Дніпро – Царичанка – Кобеляки – Решетилівка;I;;28+600;;geometry_null;unresolved_after_extended_match;;;Дніпропетровська;oblast;;;;;"Exact-ref N-31 path from Loboikivka toward north is only 9.9 km; project extent is 29.5 km."
WEB-0023;Одеська;;Обхід с. Орлівка;II;;;;geometry_null;unresolved_after_extended_match;;;Одеська;oblast;;;;;"No exact OSM geometry for the planned Orlivka bypass; nearby Romanian-side connector/existing roads were not substituted."
WEB-0024;Полтавська;М-22;Полтава – Олександрія, обхід м. Кременчук;I;I-б;;;geometry_null;unresolved_after_extended_match;;;Полтавська;oblast;;;;;"OSM has proposed Kremenchuk bypass alignments, but the mapped '2nd stage' is about 25.5 km versus about 19.1 km in the 2019 source variant; not treated as identical geometry."
WEB-0025;Львівська;;Північна ділянка об’їзної автомобільної дороги м. Львів;II;;61+232;61+950;osm_filled;filled;high;"exact OSM proposed way 'Північний обхід Львова'; project chainage scaled to mapped alignment";Львівська область;oblast;LineString;0.709;;886889402;
WEB-0026;Львівська;;Північна ділянка об’їзної автомобільної дороги м. Львів;I;I-а;61+950;83+109;osm_filled;filled;high;"exact OSM proposed way 'Північний обхід Львова'; project chainage scaled to mapped alignment";Львівська область;oblast;LineString;20.889;;886889402;
WEB-0027;Львівська;;Північна ділянка об’їзної автомобільної дороги м. Львів;II;;83+109;84+417;osm_filled;filled;high;"exact OSM proposed way 'Північний обхід Львова'; project chainage scaled to mapped alignment";Львівська область;oblast;LineString;1.291;;886889402;
WEB-0028;Львівська;;Нова автомобільна дорога Львів – Краковець;I;I-а;;;osm_filled_partial;osm_filled_partial;medium;"exact proposed OSM components 'Автобан Львів-Краковець' + western proposed alignment; known gap retained";Львівська область;oblast;MultiLineString;59.152;;"354314185;485712559";
WEB-0030;Запорізька;О080823;/Т-04-08/ – Дніпровка;III;;5+200;6+300;osm_filled;filled;medium-high;"exact OSM relation О-080823; relation start at /Т-08-04/ side; km 5+200–6+300 lies in mapped part";Запорізька область;oblast;LineString;1.1;12238286;;The OSM relation with exact ref О-080823 is incomplete in the supplied extract: mapped geometry is 6.775 km while the relation declares 19.7 km. Therefore km 5+200–6+300 cannot be located unambiguously and geometry remains null.
WEB-0031;Чернігівська;Н-07;Київ – Суми – Юнаківка;III;;;;osm_filled;filled;high;exact OSM relation Н-07 clipped to Прилуцький район;Прилуцький район;district;MultiLineString;103.388;2144751;;
WEB-0035;Чернігівська;Т-25-40;Прилуки – Сергіївка – Горбачівка – Яготин;IV;;;;osm_filled;filled;medium;OSM vehicular shortest path Прилуки→Сергіївка, clipped to Прилуцька міська громада;Прилуцька міська громада;community;LineString;3.823;;;
WEB-0036;Чернігівська;О251511;Прилуки – Колісники;IV;;;;osm_filled;filled;medium;OSM vehicular shortest path Прилуки→Колісники, clipped to Прилуцька міська громада;Прилуцька міська громада;community;LineString;3.61;;;
WEB-0037;Чернігівська;О251515;Прилуки – Манжосівка;IV;;;;osm_filled;filled;medium;OSM vehicular shortest path Прилуки→Манжосівка, clipped to Прилуцька міська громада;Прилуцька міська громада;community;LineString;4.176;;;
WEB-0038;Чернігівська;О251520;(Прилуки – Манжосівка) – Дідівці;IV;;;;osm_filled;filled;medium;OSM vehicular shortest path Манжосівка→Дідівці, clipped to Прилуцький район;Прилуцький район;district;LineString;3.669;;;
WEB-0039;Чернігівська;С251515;Заїзд – Тихе;IV;;;;osm_filled;filled;high;exact OSM ref С-251515 clipped to Прилуцький район;Прилуцький район;district;MultiLineString;5.757;;"169082416;185076992;917690026;917690027";
