oblast;total_evidence_records;baseline_2017_records;newer_than_2017_records;unique_road_codes;local_O_C_records;records_with_geometry;source_systems;has_newer_direct_source
Івано-Франківська;47;47;0;9;0;47;data.gov.ua / Укравтодор;ні
Волинська;52;51;1;10;0;51;data.gov.ua / Укравтодор, Агентство відновлення;так
Вінницька;62;61;1;9;0;61;data.gov.ua / Укравтодор, Агентство відновлення;так
Дніпропетровська;45;44;1;12;0;44;data.gov.ua / Укравтодор, Агентство відновлення;так
Донецька;15;15;0;5;0;15;data.gov.ua / Укравтодор;ні
Житомирська;97;95;1;10;0;97;data.gov.ua / Укравтодор, ЄДЕССБ, Верховна Рада України;так
Закарпатська;64;61;3;14;3;61;data.gov.ua / Укравтодор, ЄДЕССБ;так
Запорізька;17;16;1;9;1;16;data.gov.ua / Укравтодор, ДП «Місцеві дороги Запорізької області»;так
Київська;120;119;0;25;0;119;data.gov.ua / Укравтодор, Верховна Рада України;ні
Кіровоградська;37;37;0;11;0;37;data.gov.ua / Укравтодор;ні
Луганська;27;16;10;6;0;16;data.gov.ua / Укравтодор, ЄДЕССБ, Верховна Рада України;так
Львівська;75;71;4;14;0;71;data.gov.ua / Укравтодор, Агентство відновлення, Львівська районна державна адміністрація;так
Миколаївська;45;40;3;7;0;45;data.gov.ua / Укравтодор, ЄДЕССБ, Агентство відновлення;так
Одеська;39;37;2;16;1;37;data.gov.ua / Укравтодор, ЄДЕССБ, Агентство відновлення;так
Полтавська;46;35;5;12;1;43;Prozorro, data.gov.ua / Укравтодор, ЄДЕССБ, Агентство відновлення, Верховна Рада України, Полтавська ОВА;так
Рівненська;44;43;1;11;0;43;data.gov.ua / Укравтодор, Агентство відновлення;так
Сумська;38;32;5;9;0;38;data.gov.ua / Укравтодор, ЄДЕССБ, Агентство відновлення;так
Тернопільська;27;27;0;10;0;27;data.gov.ua / Укравтодор;ні
Харківська;44;43;0;16;0;44;data.gov.ua / Укравтодор, Верховна Рада України;ні
Херсонська;35;34;0;5;0;34;data.gov.ua / Укравтодор, Верховна Рада України;ні
Хмельницька;42;39;3;9;0;42;Prozorro, data.gov.ua / Укравтодор;так
Черкаська;63;62;0;13;0;63;data.gov.ua / Укравтодор, Агентство відновлення;ні
Чернівецька;50;47;3;7;3;47;data.gov.ua / Укравтодор, ЄДЕССБ;так
Чернігівська;84;73;11;19;6;73;data.gov.ua / Укравтодор, ЄДЕССБ, Прилуцька міська рада / Чернігівська область;так
