source_id;source_system;source_type;title;url;date;oblast;direct_category;piketage;geometry;automation;notes
SRC-BASE2017;data.gov.ua / Укравтодор;open data dataset;Дані щодо техніко-експлуатаційного стану автомобільних доріг державного значення;https://data.gov.ua/dataset/beca8aa5-96a9-46be-ade7-f1b400213af5;2017;Україна (24 області у наявному архіві);так;так;так, координати у вихідних таблицях;висока;Основний геометричний baseline.
EDESSB-3760708307904365569;ЄДЕССБ;Експертиза проекту / додаток до експертного звіту;EX01:0709-7661-8836-9302;https://e-construction.gov.ua/document_detail/doc_id%3D3760708307904365569/optype%3D6;2025-10-31;Житомирська;так;так;"ні у записі; може бути відновлена за зовнішньою геометрією";середня;Це проектна (майбутня після реконструкції) категорія, а не твердження про поточний стан до реконструкції.
EDESSB-3186450888847787959;ЄДЕССБ;Експертиза проекту / додаток до експертного звіту;EX01:6451-7430-4296-3124;https://e-construction.gov.ua/document_detail/doc_id%3D3186450888847787959/optype%3D6;2023-09-07;Закарпатська;так;так;"ні у записі; може бути відновлена за зовнішньою геометрією";середня;ЄДЕССБ окремо зазначає, що проектні км 3+930–4+120 відповідають км 5+110–5+300 паспорту дороги.
EDESSB-3155414470151374107;ЄДЕССБ;Експертиза проекту / додаток до експертного звіту;EX01:5419-4589-5721-5252;https://e-construction.gov.ua/document_detail/doc_id%3D3155414470151374107/optype%3D6;2023-07-26;Закарпатська;так;так;"ні у записі; може бути відновлена за зовнішньою геометрією";середня;"Документ має архівний статус; категорія наведена безпосередньо в експертному звіті."
EDESSB-3098881987453126653;ЄДЕССБ;Експертиза проекту / додаток до експертного звіту;EX01:8882-8604-9750-3371;https://e-construction.gov.ua/document_detail/doc_id%3D3098881987453126653/optype%3D6;2023-05-08;Закарпатська;так;так;"ні у записі; може бути відновлена за зовнішньою геометрією";середня;
EDESSB-2682129518755317131;ЄДЕССБ;Експертиза проекту / додаток до експертного звіту;EX01:2132-0618-0377-5268;https://e-construction.gov.ua/document_detail/doc_id%3D2682129518755317131/optype%3D6;2021-09-30;Луганська;так;так;"ні у записі; може бути відновлена за зовнішньою геометрією";середня;
EDESSB-2682158734993524087;ЄДЕССБ;Експертиза проекту / додаток до експертного звіту;EX01:3043-3936-5082-0347;https://e-construction.gov.ua/document_detail/doc_id%3D2682158734993524087/optype%3D6;2021-04-30;Миколаївська;так;так;"ні у записі; може бути відновлена за зовнішньою геометрією";середня;
EDESSB-3296725238401730531;ЄДЕССБ;Експертиза проекту / додаток до експертного звіту;EX01:6727-7474-9310-2691;https://e-construction.gov.ua/document_detail/doc_id%3D3296725238401730531/optype%3D6;2020-06-12;Одеська;так;так;"ні у записі; може бути відновлена за зовнішньою геометрією";середня;
EDESSB-3201816173901514225;ЄДЕССБ;Експертиза проекту / додаток до експертного звіту;EX01:9087-3359-8413-8021;https://e-construction.gov.ua/document_detail/doc_id%3D3201816173901514225/optype%3D6;2023-05-12;Полтавська;так;так;"ні у записі; може бути відновлена за зовнішньою геометрією";середня;
EDESSB-3242471783026132021;ЄДЕССБ;Експертиза проекту / додаток до експертного звіту;EX01:5076-5133-5533-5034;https://e-construction.gov.ua/document_detail/doc_id%3D3242471783026132021/optype%3D6;2023-10-23;Сумська;так;так;"ні у записі; може бути відновлена за зовнішньою геометрією";середня;
EDESSB-2730640576557876506;ЄДЕССБ;Експертиза проекту / додаток до експертного звіту;EX01:0645-4906-7994-0910;https://e-construction.gov.ua/document_detail/doc_id%3D2730640576557876506/optype%3D6;2021-12-13;Чернівецька;так;так;"ні у записі; може бути відновлена за зовнішньою геометрією";середня;"В іншому абзаці цього ж документа початок V категорії наведено як км 12+982; у таблиці використано проектну межу 12+981."
EDESSB-3139978693443585154;ЄДЕССБ;Експертиза проекту / додаток до експертного звіту;Хотин – Рукшин – Клішківці;https://e-construction.gov.ua/document_detail/doc_id%3D3139978693443585154/optype%3D6;;Чернівецька;так;так;"ні у записі; може бути відновлена за зовнішньою геометрією";середня;
EDESSB-3207477283497444742;ЄДЕССБ;Експертиза проекту / додаток до експертного звіту;EX01:5281-2188-0818-6480;https://e-construction.gov.ua/document_detail/doc_id%3D3207477283497444742/optype%3D6;2023-04-26;Чернігівська;так;так;"ні у записі; може бути відновлена за зовнішньою геометрією";середня;"У тексті документа трапляються обидва індекси О251901 та С251901; використано індекс із назви об'єкта ЄДЕССБ."
PROZ-UA-2020-12-01-009430-b;Prozorro;Prozorro — повідомлення/обґрунтування переговорної процедури;UA-2020-12-01-009430-b;https://prozorro.gov.ua/tender/UA-2020-12-01-009430-b/print/limited/pdf/f3ed6f5435664e6385c5e9f0798d31f8;2020-12-01;Хмельницька;так;так;"ні у закупівлі; може бути відновлена за зовнішньою геометрією";середня;
PROZ-UA-2020-12-08-008241-a;Prozorro;Prozorro — повідомлення/обґрунтування переговорної процедури;UA-2020-12-08-008241-a;https://prozorro.gov.ua/tender/UA-2020-12-08-008241-a/print/limited/pdf/6a188bea1977403a984de8f564a5ba76;2020-12-08;Хмельницька;так;так;"ні у закупівлі; може бути відновлена за зовнішньою геометрією";середня;
PROZ-UA-2020-11-24-002662-b;Prozorro;Prozorro — повідомлення/обґрунтування переговорної процедури;UA-2020-11-24-002662-b;https://prozorro.gov.ua/tender/UA-2020-11-24-002662-b/print/limited/pdf/4b57d4ffce254ef3aa2c85947371cae6;2020-11-24;Хмельницька;так;так;"ні у закупівлі; може бути відновлена за зовнішньою геометрією";середня;
PROZ-UA-2021-05-06-002661-b;Prozorro;Prozorro — обґрунтування переговорної процедури;UA-2021-05-06-002661-b;https://prozorro.gov.ua/tender/UA-2021-05-06-002661-b;2021-05-06;Полтавська;так;так;"ні у закупівлі; може бути відновлена за зовнішньою геометрією";середня;
WEB-0001;Верховна Рада України;Наказ Укравтодору;Наказ №358 від 16.10.2013;https://zakon.rada.gov.ua/rada/show/v0358850-13;2013-10-16;Київська;так;так;"ні; для частини державних доріг відновлена з baseline 2017";середня/низька;
WEB-0002;Верховна Рада України;Наказ Укравтодору;Наказ №220 від 08.07.2013;https://zakon.rada.gov.ua/go/v0220850-13;2013-07-08;Полтавська;так;так;"ні; для частини державних доріг відновлена з baseline 2017";середня/низька;
WEB-0004;Верховна Рада України;Розпорядження КМУ;Розпорядження №562-р від 07.08.2013;https://zakon.rada.gov.ua/laws/show/562-2013-%D1%80;2013-08-07;Полтавська;так;так;"ні; для частини державних доріг відновлена з baseline 2017";середня/низька;
WEB-0006;Верховна Рада України;Розпорядження КМУ;Розпорядження №561-р від 07.08.2013;https://zakon.rada.gov.ua/laws/show/561-2013-%D1%80;2013-08-07;Полтавська;так;так;"ні; для частини державних доріг відновлена з baseline 2017";середня/низька;
WEB-0007;Верховна Рада України;Розпорядження КМУ;Розпорядження №1006-р від 13.12.2017;https://zakon.rada.gov.ua/laws/show/1006-2017-%D1%80;2017-12-13;Полтавська;так;так;"ні; для частини державних доріг відновлена з baseline 2017";середня/низька;
WEB-0008;Верховна Рада України;Розпорядження КМУ;Розпорядження №758-р від 19.10.2016;https://zakon.rada.gov.ua/go/758-2016-%D1%80;2016-10-19;Харківська;так;так;"ні; для частини державних доріг відновлена з baseline 2017";середня/низька;
WEB-0009;Верховна Рада України;Розпорядження КМУ;Розпорядження №678-р від 04.09.2013;https://zakon.rada.gov.ua/laws/show/678-2013-%D1%80;2013-09-04;Житомирська;так;так;"ні; для частини державних доріг відновлена з baseline 2017";середня/низька;
WEB-0010;Верховна Рада України;Наказ Укравтодору;Наказ №216 від 29.05.2012;https://zakon.rada.gov.ua/rada/show/v0216850-12;2012-05-29;Луганська;так;так;"ні; для частини державних доріг відновлена з baseline 2017";середня/низька;
WEB-0011;Верховна Рада України;Наказ Укравтодору;Наказ №423 від 05.12.2011;https://zakon.rada.gov.ua/rada/show/v0423850-11;2011-12-05;Херсонська;так;так;"ні; для частини державних доріг відновлена з baseline 2017";середня/низька;У документі також наведено альтернативний кілометраж км 176+631–177+731.
WEB-0012;Агентство відновлення;Протокол Технічної ради;Протокол технічної ради 2019;https://restoration.gov.ua/4489/tekhnichna_rada/protokoly_2019_zasidannia_tekhnichnoi_rady_derzhavnoho_ahentstva_avtomobilnykh_dorih_ukrainy/52014.pdf;2019;Вінницька;так;так;"ні; для частини державних доріг відновлена з baseline 2017";середня/низька;
WEB-0014;Агентство відновлення;Протокол Технічної ради;Протокол технічної ради;https://restoration.gov.ua/4489/tekhnichna_rada/52034/52048.pdf;;Миколаївська;так;так;"ні; для частини державних доріг відновлена з baseline 2017";середня/низька;
WEB-0015;Агентство відновлення;Протокол Технічної ради;Протокол технічної ради;https://restoration.gov.ua/4489/tekhnichna_rada/52034/52050.pdf;;Черкаська;так;так;"ні; для частини державних доріг відновлена з baseline 2017";середня/низька;
WEB-0017;Агентство відновлення;Протокол Технічної ради;Протокол №21 від 07.12.2018;https://restoration.gov.ua/4489/tekhnichna_rada/protokoly_2018_zasidannia_tekhnichnoi_rady_derzhavnoho_ahentstva_avtomobilnykh_dorih_ukrainy/protokol_21_vid_07_12_2018.pdf;2018-12-07;Сумська;так;так;"ні; для частини державних доріг відновлена з baseline 2017";середня/низька;
WEB-0018;Агентство відновлення;Протокол Технічної ради;Протокол №14, 2017;https://restoration.gov.ua/4489/tekhnichna_rada/protokoly_2017_zasidannia_tekhnichnoi_rady_derzhavnoho_ahentstva_avtomobilnykh_dorih_ukrainy/protokol_14.pdf;2017;Сумська;так;так;"ні; для частини державних доріг відновлена з baseline 2017";середня/низька;
WEB-0019;Агентство відновлення;Протокол Технічної ради;Протокол №16 від 25.10.2018;https://restoration.gov.ua/4489/tekhnichna_rada/protokoly_2018_zasidannia_tekhnichnoi_rady_derzhavnoho_ahentstva_avtomobilnykh_dorih_ukrainy/protokol_16_vid_25_10_2018.pdf;2018-10-25;Сумська;так;так;"ні; для частини державних доріг відновлена з baseline 2017";середня/низька;
WEB-0020;Агентство відновлення;Офіційна новина/проєкт;Будівництво Північного об’їзду м. Рівне;https://restoration.gov.ua/blog/budivnycztvo-pivnichnogo-obyizdu-m-rivne-pochnetsya-v-2019-roczi/;2018-04-04;Рівненська;так;ні/маршрутний рівень;"ні; для частини державних доріг відновлена з baseline 2017";середня/низька;
WEB-0021;Агентство відновлення;Протокол Технічної ради;Протокол №4 від 23.03.2018;https://restoration.gov.ua/4489/tekhnichna_rada/protokoly_2018_zasidannia_tekhnichnoi_rady_derzhavnoho_ahentstva_avtomobilnykh_dorih_ukrainy/protokol_4_vid_23_03_2018.pdf;2018-03-23;Волинська;так;так;"ні; для частини державних доріг відновлена з baseline 2017";середня/низька;"У межах міста джерело класифікує трасу як магістральну вулицю; точна межа не наведена."
WEB-0022;Агентство відновлення;Протокол Технічної ради;ТЕО Н-31 від с. Лобойківка до межі області;https://restoration.gov.ua/4489/tekhnichna_rada/52034/52037.pdf;2020;Дніпропетровська;так;так;"ні; для частини державних доріг відновлена з baseline 2017";середня/низька;
WEB-0023;Агентство відновлення;Протокол Технічної ради;Протокол №1, 2018;https://restoration.gov.ua/4489/tekhnichna_rada/protokoly_2018_zasidannia_tekhnichnoi_rady_derzhavnoho_ahentstva_avtomobilnykh_dorih_ukrainy/protokol_1_2018.pdf;2018;Одеська;так;ні/маршрутний рівень;"ні; для частини державних доріг відновлена з baseline 2017";середня/низька;
WEB-0024;Агентство відновлення;Протокол Технічної ради;Протокол №4 від 21.03.2019;https://restoration.gov.ua/4489/tekhnichna_rada/protokoly_2019_zasidannia_tekhnichnoi_rady_derzhavnoho_ahentstva_avtomobilnykh_dorih_ukrainy/protokol_4_vid_21_03_2019.pdf;2019-03-21;Полтавська;так;ні/маршрутний рівень;"ні; для частини державних доріг відновлена з baseline 2017";середня/низька;
WEB-0027;Львівська районна державна адміністрація;Оголошення ОВД;Громадське обговорення ОВД північного обходу Львова;https://lviv-rda.gov.ua/oholoshennya-pro-pochatok-hromadskoho-obhovorennia-zvituz-otsinky-vplyvu-na-dovkillia/;2026-05-05;Львівська;так;так;"ні; для частини державних доріг відновлена з baseline 2017";середня/низька;
WEB-0028;Агентство відновлення;Офіційна інформація про ДПП-проєкт;Будівництво нової автомобільної дороги Львів – Краковець;https://restoration.gov.ua/documents/informacziya-pro-proyekt-yakyj-mozhe-realizovuvatys-na-umovah-derzhavno-pryvatnogo-partnerstva-budivnycztvo-novoyi-avtomobilnoyi-dorogy-lviv-krakovecz-lvivska-oblast/;2023-12-28;Львівська;так;ні/маршрутний рівень;"ні; для частини державних доріг відновлена з baseline 2017";середня/низька;
WEB-0029;Полтавська ОВА;Офіційний документ/обґрунтування;Класифікація дороги О1706074;https://media.poda.gov.ua/docs/5nhh5jff/381-2022.pdf;2022;Полтавська;так;так;"ні; для частини державних доріг відновлена з baseline 2017";середня/низька;
WEB-0030;ДП «Місцеві дороги Запорізької області»;Офіційна новина замовника;Реконструкція дороги О080823;https://dpmdzo.zoda.gov.ua/articles/show/59;2020-04-13;Запорізька;так;так;"ні; для частини державних доріг відновлена з baseline 2017";середня/низька;
WEB-0039;Прилуцька міська рада / Чернігівська область;Стратегія розвитку громади / технічна таблиця;Стратегія розвитку Прилуцької МТГ до 2030 року;https://pryluky.cg.gov.ua/blind/web_docs/5612/2017/08/docs/07.04.2025%20%D0%A1%D1%82%D1%80%D0%B0%D1%82%D0%B5%D0%B3%D1%96%D1%8F_%D0%9F%D1%80%D0%B8%D0%BB%D1%83%D0%BA%D0%B8.pdf;2025;Чернігівська;так;ні/маршрутний рівень;"ні; для частини державних доріг відновлена з baseline 2017";середня/низька;
DATAGOV-CAND-001;data.gov.ua;обласний набір місцевих доріг;Перелік автомобільних доріг загального користування місцевого значення (для облдержадміністрацій);https://data.gov.ua/dataset/499a2caa-0c3e-49c3-8e33-b6782181790b;2026-02-17;Житомирська;"стандарт передбачає; фактичне поле в ресурсі не підтверджено";залежить від ресурсу;залежить від ресурсу;висока, якщо ресурс структурований;
DATAGOV-CAND-002;data.gov.ua;обласний набір місцевих доріг;Перелік автомобільних доріг загального користування місцевого значення;https://data.gov.ua/dataset/oda-te-list-of-roads;2026-08-19;Тернопільська;"стандарт передбачає; фактичне поле в ресурсі не підтверджено";залежить від ресурсу;залежить від ресурсу;висока, якщо ресурс структурований;Ресурс описаний як перелік станом на 2026 рік.
DATAGOV-CAND-003;data.gov.ua;обласний набір місцевих доріг;Перелік автомобільних доріг загального користування місцевого значення (для облдержадміністрацій);https://data.gov.ua/dataset/6108ff5a-21d4-42ce-aeeb-939459fa2deb;2026-03-16;Одеська;"стандарт передбачає; фактичне поле в ресурсі не підтверджено";залежить від ресурсу;залежить від ресурсу;висока, якщо ресурс структурований;
DATAGOV-CAND-004;data.gov.ua;обласний набір місцевих доріг;Перелік автомобільних доріг загального користування місцевого значення;https://data.gov.ua/dataset/roadsvolyn;2026-08-26;Волинська;"стандарт передбачає; фактичне поле в ресурсі не підтверджено";залежить від ресурсу;залежить від ресурсу;висока, якщо ресурс структурований;Є окремий schema-ресурс roads_schema.json.
DATAGOV-CAND-005;data.gov.ua;обласний набір місцевих доріг;Перелік автомобільних доріг загального користування місцевого значення;https://data.gov.ua/dataset/roadslocalvolyn;2026-07-14;Волинська;"стандарт передбачає; фактичне поле в ресурсі не підтверджено";залежить від ресурсу;залежить від ресурсу;висока, якщо ресурс структурований;Альтернативний/попередній набір Волинської ОДА.
DATAGOV-CAND-006;data.gov.ua;обласний набір місцевих доріг;Перелік автомобільних доріг загального користування місцевого значення в межах Черкаської області;https://data.gov.ua/dataset/0702bd99-d740-434a-bd4e-b6fa1aa6244b;2019-07-26;Черкаська;"стандарт передбачає; фактичне поле в ресурсі не підтверджено";залежить від ресурсу;залежить від ресурсу;висока, якщо ресурс структурований;Портал прямо позначає набір як «Не оновлений».
DATAGOV-CAND-007;data.gov.ua;обласний набір місцевих доріг;Перелік автомобільних доріг загального користування місцевого значення Закарпатської області;https://data.gov.ua/dataset/d08b34b3-be56-4a61-8b95-27aae2a5b397;2023-12-18;Закарпатська;"стандарт передбачає; фактичне поле в ресурсі не підтверджено";залежить від ресурсу;залежить від ресурсу;висока, якщо ресурс структурований;Опис двох ресурсів на порталі виглядає взаємно переставленим: перевіряти фактичний вміст перед об'єднанням.
DATAGOV-CAND-008;data.gov.ua;обласний набір місцевих доріг;Перелік автомобільних доріг загального користування місцевого значення Полтавської області;https://data.gov.ua/dataset/4cba17e3-13ae-4fc7-a949-cad283a75d25;2026-02-21;Полтавська;"стандарт передбачає; фактичне поле в ресурсі не підтверджено";залежить від ресурсу;залежить від ресурсу;висока, якщо ресурс структурований;
DATAGOV-CAND-009;data.gov.ua;обласний набір місцевих доріг;Перелік автомобільних доріг загального користування місцевого значення Сумської області;https://data.gov.ua/dataset/49e79c0c-e820-4012-a757-aa43ded33404;2026-05-07;Сумська;"стандарт передбачає; фактичне поле в ресурсі не підтверджено";залежить від ресурсу;залежить від ресурсу;висока, якщо ресурс структурований;
DATAGOV-CAND-010;data.gov.ua;обласний набір місцевих доріг;Перелік автомобільних доріг загального користування місцевого значення Івано-Франківської області;https://data.gov.ua/dataset/9a616bbe-f442-417f-b15a-1ae27b3c9121;2026-02-25;Івано-Франківська;"стандарт передбачає; фактичне поле в ресурсі не підтверджено";залежить від ресурсу;залежить від ресурсу;висока, якщо ресурс структурований;На порталі також є попередні CSV/XLSX-версії.
DATAGOV-CAND-011;data.gov.ua;обласний набір місцевих доріг;Перелік автомобільних доріг загального користування місцевого значення Чернігівської області;https://data.gov.ua/dataset/0af4a501-39e1-45d7-8771-fd50c508ba5f;2026-03-27;Чернігівська;"стандарт передбачає; фактичне поле в ресурсі не підтверджено";залежить від ресурсу;залежить від ресурсу;висока, якщо ресурс структурований;Опис набору ще згадує 2023 рік, але ресурс оновлювався у 2026.
DATAGOV-CAND-012;data.gov.ua;обласний набір місцевих доріг;Перелік автомобільних доріг загального користування місцевого значення Дніпропетровської області;https://data.gov.ua/dataset/1c3fe199-bd4c-4d01-8513-6f0af041b657;2025-02-13;Дніпропетровська;"стандарт передбачає; фактичне поле в ресурсі не підтверджено";залежить від ресурсу;залежить від ресурсу;висока, якщо ресурс структурований;Портал позначає набір як «Не оновлений».
DATAGOV-CAND-013;data.gov.ua;обласний набір місцевих доріг;Перелік автомобільних доріг загального користування місцевого значення;https://data.gov.ua/dataset/2f2359e4-60d2-477e-8929-fea99ed972be;2026-07-07;Чернівецька;"стандарт передбачає; фактичне поле в ресурсі не підтверджено";залежить від ресурсу;залежить від ресурсу;висока, якщо ресурс структурований;Ресурс має попередні версії 2024–2026.
DATAGOV-ROAD-REPAIR-SCHEMA;data.gov.ua;рекомендована структура набору про ремонти місцевих доріг;Дані про ремонт автомобільних доріг місцевого значення;https://data.gov.ua/en/pages/835-recm-infrastructure-road-spending;;Україна;так, поле roadCategory;так, поле roadKilometerMarker;не обов'язково;висока;Дуже перспективне джерело, якщо конкретні розпорядники заповнюють roadCategory.
